<?xml version="1.0" encoding="UTF-8"?>
<!-- Keep formats in sync with perspective.xml -->
<asseteditors>
    <!-- If two or more asset editors (that are associated with different formats) have same titles,
    they will be grouped together and displayed as one node on the package tree. -->

    <!--  business rules group   -->   
    <asseteditor>
        <class>org.drools.guvnor.client.asseteditor.drools.modeldriven.ui.RuleModeller</class> 
        <format>brl</format>
        <icon>GuvnorImages.INSTANCE.RuleAsset()</icon>
        <title>constants.BusinessRuleAssets()</title>    
    </asseteditor>
    
    <asseteditor>
        <class>org.drools.guvnor.client.asseteditor.drools.RuleValidatorWrapper</class> 
        <format>dslr</format>
        <icon>GuvnorImages.INSTANCE.RuleAsset()</icon>
        <title>constants.BusinessRuleAssets()</title>    
    </asseteditor>
    
    <asseteditor>
        <class>org.drools.guvnor.client.decisiontable.DecisionTableXLSWidget</class> 
        <format>xls</format>
        <icon>GuvnorImages.INSTANCE.SpreadsheetSmall()</icon>
        <title>constants.BusinessRuleAssets()</title>    
    </asseteditor>
    
    <asseteditor>
        <class>org.drools.guvnor.client.decisiontable.GuidedDecisionTableWidget</class> 
        <format>gdst</format>
        <icon>GuvnorImages.INSTANCE.Gdst()</icon>
        <title>constants.BusinessRuleAssets()</title>    
    </asseteditor>
    
    <asseteditor>
        <class>org.drools.guvnor.client.asseteditor.drools.modeldriven.ui.templates.RuleTemplateEditor</class> 
        <format>template</format>
        <icon>GuvnorImages.INSTANCE.RuleAsset()</icon>
        <title>constants.BusinessRuleAssets()</title>    
    </asseteditor>

  <asseteditor>
    <class>org.drools.guvnor.client.scorecards.ScorecardsXLSWidget</class>
    <format>scxls</format>
    <icon>GuvnorImages.INSTANCE.SpreadsheetSmall()</icon>
    <title>constants.BusinessRuleAssets()</title>
  </asseteditor>

  <asseteditor>
    <class>org.drools.guvnor.client.scorecards.GuidedScorecardWidget</class>
    <format>scgd</format>
    <icon>GuvnorImages.INSTANCE.Gdst()</icon>
    <title>constants.BusinessRuleAssets()</title>
  </asseteditor>
    <!--  end of business rules group-->
    
    <asseteditor>
        <class>org.drools.guvnor.client.asseteditor.drools.DrlEditor</class> 
        <format>drl</format>
        <icon>GuvnorImages.INSTANCE.TechnicalRuleAssets()</icon>
        <title>constants.TechnicalRuleAssets()</title>    
    </asseteditor>
    
    <asseteditor>
        <class>org.drools.guvnor.client.asseteditor.drools.FunctionEditor</class> 
        <format>function</format>
        <icon>GuvnorImages.INSTANCE.FunctionAssets()</icon>
        <title>constants.Functions()</title>    
    </asseteditor>
    
    <asseteditor>
        <class>org.drools.guvnor.client.asseteditor.DefaultRuleContentWidget</class> 
        <format>dsl</format>
        <icon>GuvnorImages.INSTANCE.Dsl()</icon>
        <title>constants.DSLConfigurations()</title>    
    </asseteditor>
    
    <asseteditor>
        <class>org.drools.guvnor.client.asseteditor.POJOModelUploadWidget</class> 
        <format>jar</format>
        <icon>GuvnorImages.INSTANCE.ModelAsset()</icon>
        <title>constants.Model()</title>    
    </asseteditor>
    
    <asseteditor>
        <class>org.drools.guvnor.client.asseteditor.drools.factmodel.FactModelsWidget</class> 
        <format>model.drl</format>
        <icon>GuvnorImages.INSTANCE.ModelAsset()</icon>
        <title>constants.Model()</title>    
    </asseteditor>
    
    <asseteditor>
        <class>org.drools.guvnor.client.asseteditor.drools.changeset.ChangeSetEditor</class>
        <format>changeset</format>
        <icon>GuvnorImages.INSTANCE.Enumeration()</icon>
        <title>constants.ChangeSets()</title>    
    </asseteditor>  
    
    <!-- jBPM editor group   -->
    <asseteditor>
        <class>org.drools.guvnor.client.asseteditor.RuleFlowWrapper</class> 
        <format>rf</format>
        <icon>GuvnorImages.INSTANCE.RuleflowSmall()</icon>
        <title>constants.RuleFlows()</title>    
    </asseteditor>
    
    <asseteditor>
        <class>org.drools.guvnor.client.asseteditor.BusinessProcessEditor</class> 
        <format>bpmn</format>
        <icon>GuvnorImages.INSTANCE.RuleflowSmall()</icon>
        <title>constants.RuleFlows()</title>    
    </asseteditor>
    
    <asseteditor>
        <class>org.drools.guvnor.client.asseteditor.BusinessProcessEditor</class> 
        <format>bpmn2</format>
        <icon>GuvnorImages.INSTANCE.RuleflowSmall()</icon>
        <title>constants.RuleFlows()</title>    
    </asseteditor>

    <asseteditor>
        <class>org.drools.guvnor.client.asseteditor.FormEditor</class>
        <format>formdef</format>
        <!-- TODO: JLIU
        <icon>images.formDefIcon()</icon>
        -->
        <icon>GuvnorImages.INSTANCE.RuleflowSmall()</icon>        
        <title>constants.FormDefinition()</title>
    </asseteditor>
    
    <asseteditor>
        <class>org.drools.guvnor.client.asseteditor.RuleFlowWrapper</class> 
        <format>rf</format>
        <icon>GuvnorImages.INSTANCE.RuleflowSmall()</icon>
        <title>constants.RuleFlows()</title>    
    </asseteditor>
    <!--  end of jBPM editor group   -->
        
    <asseteditor>
        <class>org.drools.guvnor.client.asseteditor.drools.enums.EnumEditor</class>
        <format>enumeration</format>
        <icon>GuvnorImages.INSTANCE.Enumeration()</icon>
        <title>constants.Enumerations()</title>    
    </asseteditor>
    
    <asseteditor>
        <class>org.drools.guvnor.client.explorer.navigation.qa.testscenarios.ScenarioWidget</class>
        <format>scenario</format>
        <icon>GuvnorImages.INSTANCE.TestManager()</icon>
        <title>constants.TestScenarios()</title>    
    </asseteditor>

    <asseteditor>
        <class>org.drools.guvnor.client.simulation.SimulationTestEditor</class>
        <format>simulationTest</format>
        <!--  TODO: JLIU 
        <icon>images.simulationTestIcon()</icon>
        -->
        <icon>GuvnorImages.INSTANCE.TestManager()</icon>        
        <title>constants.SimulationTests()</title>
    </asseteditor>
    
    <asseteditor>
        <class>org.drools.guvnor.client.asseteditor.drools.PropertiesWidget</class> 
        <format>properties</format>
        <icon>GuvnorImages.INSTANCE.NewFile()</icon>
        <title>constants.XMLProperties()</title>    
    </asseteditor>   
    
    <asseteditor>
        <class>org.drools.guvnor.client.asseteditor.XmlFileWidget</class> 
        <format>xml</format>
        <icon>GuvnorImages.INSTANCE.NewFile()</icon>
        <title>constants.XMLProperties()</title>    
    </asseteditor> 
    
    <asseteditor>
        <class>org.drools.guvnor.client.asseteditor.drools.PropertiesWidget</class> 
        <format></format>
        <icon>GuvnorImages.INSTANCE.NewFile()</icon>
        <title>constants.OtherAssetsDocumentation()</title>    
    </asseteditor>

    <asseteditor>
        <class>org.drools.guvnor.client.asseteditor.drools.WorkingSetEditor</class> 
        <format>workingset</format>
        <icon>GuvnorImages.INSTANCE.Workingset()</icon>
        <title>constants.WorkingSets()</title>    
    </asseteditor>   
            
    <asseteditor>
        <class>org.drools.guvnor.client.asseteditor.drools.springcontext.SpringContextEditor</class> 
        <format>springContext</format>
        <icon>GuvnorImages.INSTANCE.Enumeration()</icon>
        <title>constants.SpringContext()</title>    
    </asseteditor>

  <asseteditor>
    <class>org.drools.guvnor.client.asseteditor.drools.serviceconfig.ServiceConfigEditor</class>
    <format>serviceConfig</format>
    <icon>GuvnorImages.INSTANCE.Enumeration()</icon>
    <title>constants.ServiceConfig()</title>
  </asseteditor>

  <asseteditor>
    <class>org.drools.guvnor.client.asseteditor.drools.workitem.WorkitemDefinitionEditor</class>
    <format>wid</format>
    <icon>GuvnorImages.INSTANCE.Enumeration()</icon>
    <title>constants.WorkItemDefinition()</title>
  </asseteditor>
    
</asseteditors>
