<?xml version="1.0" encoding="utf-8"?>
<feed xmlns="http://www.w3.org/2005/Atom">
    <title type="text">@{feed.feedTitle}</title>
    <updated>@{feed.feedUpdated}</updated>
    <id>@{feed.feedId}</id>
    <subtitle>@{feed.subtitle}</subtitle>
    <link rel="alternate" type="text/html"
        hreflang="en" href="@{feed.feedAlternate}"/>
    <link rel="self" type="application/atom+xml"
        href="@{feed.feedSelf}"/>

    @foreach{entry : feed.entries}
        <entry>
         <title>@{entry.name}</title>
         <link rel="alternate" type="text/html"
              href="@{entry.webURL}"/>
         <id>tag:@{entry.id}</id>
         <updated>@{entry.updated}</updated>
         <published>@{entry.published}</published>
         <author>
           <name>@{entry.author}</name>
         </author>
         <contributor>
           <name>@{entry.contributor}</name>
         </contributor>
         <category term="@{entry.format}" />
         <content type="xhtml" xml:lang="en">
           <div xmlns="http://www.w3.org/1999/xhtml">
                 <p>[Description: @{entry.description}]</p>
                 <p><i>[Note: @{entry.checkinComment}]</i></p>
           </div>
         </content>
        </entry>
    @end{}


</feed>
