<?xml version="1.0"?>
<!--
   Licensed to the Apache Software Foundation (ASF) under one or more
   contributor license agreements.  See the NOTICE file distributed with
   this work for additional information regarding copyright ownership.
   The ASF licenses this file to You under the Apache License, Version 2.0
   (the "License"); you may not use this file except in compliance with
   the License.  You may obtain a copy of the License at

       http://www.apache.org/licenses/LICENSE-2.0

   Unless required by applicable law or agreed to in writing, software
   distributed under the License is distributed on an "AS IS" BASIS,
   WITHOUT WARRANTIES OR CONDITIONS OF ANY KIND, either express or implied.
   See the License for the specific language governing permissions and
   limitations under the License.
-->
<!DOCTYPE Repository PUBLIC "-//The Apache Software Foundation//DTD Jackrabbit 1.4//EN"
                            "http://jackrabbit.apache.org/dtd/repository-1.4.dtd">
<Repository>
    <!--
        virtual file system where the repository stores global state
        (e.g. registered namespaces, custom node types, etc.)
    -->
    <FileSystem class="org.apache.jackrabbit.core.fs.db.DbFileSystem">
       <param name="driver" value="javax.naming.InitialContext"/>
       <param name="url" value="${jndiDsName}"/>
       <param name="schema" value="h2"/>
       <param name="schemaObjectPrefix" value="FS_"/>

    </FileSystem>

    <!--
        security configuration
    -->
    <Security appName="Jackrabbit">
        <!--
            access manager:
            class: FQN of class implementing the AccessManager interface
        -->
        <AccessManager class="org.apache.jackrabbit.core.security.simple.SimpleAccessManager">
            <!-- <#noparse>
            <param name="config" value="${rep.home}/access.xml"/> </#noparse>-->
        </AccessManager>

        <LoginModule class="org.apache.jackrabbit.core.security.simple.SimpleLoginModule">
           <!-- anonymous user name ('anonymous' is the default value) -->
           <!-- <param name="anonymousId" value="anonymous"/> -->
           <!--
              default user name to be used instead of the anonymous user
              when no login credentials are provided (unset by default)
           -->
           <!-- <param name="defaultUserId" value="superuser"/> -->
        </LoginModule>
    </Security>

    <!--
        location of workspaces root directory and name of default workspace
    -->
    <#noparse><Workspaces rootPath="${rep.home}/workspaces" defaultWorkspace="default"/></#noparse>
    <!--
        workspace configuration template:
        used to create the initial workspace if there's no workspace yet
    -->
    <#noparse><Workspace name="${wsp.name}"></#noparse>
        <!--
            virtual file system of the workspace:
            class: FQN of class implementing the FileSystem interface
        -->


    <FileSystem class="org.apache.jackrabbit.core.fs.db.DbFileSystem">
      <param name="driver" value="javax.naming.InitialContext"/>
           <param name="url" value="${jndiDsName}"/>
      <param name="schema" value="h2"/>
      <#noparse><param name="schemaObjectPrefix" value="FS_WS_${wsp.name}_"/></#noparse>
    </FileSystem>

        <!--
            persistence manager of the workspace:
            class: FQN of class implementing the PersistenceManager interface
        -->
    <PersistenceManager class="org.apache.jackrabbit.core.persistence.pool.H2PersistenceManager">
      <param name="driver" value="javax.naming.InitialContext"/>
           <param name="url" value="${jndiDsName}"/>
      <param name="schema" value="h2"/>
      <param name="bundleCacheSize" value="8"/>
         <param name="consistencyCheck" value="false"/>
         <param name="minBlobSize" value="16384"/>
         <param name="errorHandling" value=""/>
         <param name="lockTimeout" value="10000"/>
      <#noparse><param name="schemaObjectPrefix" value="PM_WS_${wsp.name}_" /></#noparse>
    </PersistenceManager>

        <!--
            Search index and the file system it uses.
            class: FQN of class implementing the QueryHandler interface
        -->
        <SearchIndex class="org.apache.jackrabbit.core.query.lucene.SearchIndex">
            <#noparse><param name="path" value="${wsp.home}/index"/></#noparse>
            <param name="textFilterClasses" value="org.apache.jackrabbit.extractor.MsWordTextExtractor,org.apache.jackrabbit.extractor.MsExcelTextExtractor,org.apache.jackrabbit.extractor.MsPowerPointTextExtractor,org.apache.jackrabbit.extractor.PdfTextExtractor,org.apache.jackrabbit.extractor.OpenOfficeTextExtractor,org.apache.jackrabbit.extractor.RTFTextExtractor,org.apache.jackrabbit.extractor.HTMLTextExtractor,org.apache.jackrabbit.extractor.XMLTextExtractor"/>
            <param name="extractorPoolSize" value="2"/>
            <param name="supportHighlighting" value="true"/>
        </SearchIndex>
    </Workspace>

    <!--
        Configures the versioning
    -->
    <#noparse><Versioning rootPath="${rep.home}/version"></#noparse>
        <!--
            Configures the filesystem to use for versioning for the respective
            persistence manager
        -->

        <FileSystem class="org.apache.jackrabbit.core.fs.db.DbFileSystem">
      <param name="driver" value="javax.naming.InitialContext"/>
           <param name="url" value="${jndiDsName}"/>
      <param name="schema" value="h2"/>
      <param name="schemaObjectPrefix" value="Versioning_FS_"/>
    </FileSystem>

        <!--
            Configures the persistence manager to be used for persisting version state.
            Please note that the current versioning implementation is based on
            a 'normal' persistence manager, but this could change in future
            implementations.
        -->
    <PersistenceManager class="org.apache.jackrabbit.core.persistence.pool.H2PersistenceManager">
      <param name="driver" value="javax.naming.InitialContext"/>
           <param name="url" value="${jndiDsName}"/>
      <param name="schema" value="h2"/>
      <param name="bundleCacheSize" value="8"/>
         <param name="consistencyCheck" value="false"/>
         <param name="minBlobSize" value="16384"/>
         <param name="errorHandling" value=""/>
         <param name="lockTimeout" value="10000"/>
      <param name="schemaObjectPrefix" value="Versioning_PM_" />
    </PersistenceManager>


    </Versioning>

    <!--
        Search index for content that is shared repository wide
        (/jcr:system tree, contains mainly versions)
    -->
    <SearchIndex class="org.apache.jackrabbit.core.query.lucene.SearchIndex">
        <#noparse><param name="path" value="${rep.home}/repository/index"/></#noparse>
        <param name="textFilterClasses" value="org.apache.jackrabbit.extractor.MsWordTextExtractor,org.apache.jackrabbit.extractor.MsExcelTextExtractor,org.apache.jackrabbit.extractor.MsPowerPointTextExtractor,org.apache.jackrabbit.extractor.PdfTextExtractor,org.apache.jackrabbit.extractor.OpenOfficeTextExtractor,org.apache.jackrabbit.extractor.RTFTextExtractor,org.apache.jackrabbit.extractor.HTMLTextExtractor,org.apache.jackrabbit.extractor.XMLTextExtractor"/>
        <param name="extractorPoolSize" value="2"/>
        <param name="supportHighlighting" value="true"/>
    </SearchIndex>
</Repository>
